Date,Close,LogRet1
2021-01-02,32127.267578125,0.08959001114880642
2021-01-03,32782.0234375,0.020175172403393154
2021-01-04,31971.9140625,-0.02502246735581663
2021-01-05,33992.4296875,0.06128001171320478
2021-01-06,36824.36328125,0.08002182823088061
2021-01-07,39371.04296875,0.06687092425852742
2021-01-08,40797.609375,0.0355928898794487
2021-01-09,40254.546875,-0.01340052262051337
2021-01-10,38356.44140625,-0.04830048595686678
2021-01-11,35566.65625,-0.07551390060372581
2021-01-12,33922.9609375,-0.04731647785882869
2021-01-13,37316.359375,0.09533972073625589
2021-01-14,39187.328125,0.048921612778852486
2021-01-15,36825.3671875,-0.06216649897230796
2021-01-16,36178.140625,-0.017731847143619858
2021-01-17,35791.27734375,-0.010750872199338055
2021-01-18,36630.07421875,0.02316538885922865
2021-01-19,36069.8046875,-0.015413522880192659
2021-01-20,35547.75,-0.014579216975338103
2021-01-21,30825.69921875,-0.14252813081835994
2021-01-22,33005.76171875,0.06833341147530216
2021-01-23,32067.642578125,-0.028834641394269323
2021-01-24,32289.37890625,0.006890847351743181
2021-01-25,32366.392578125,0.0023822686367903426
2021-01-26,32569.849609375,0.006266383460683916
2021-01-27,30432.546875,-0.06787434522440919
2021-01-28,33466.09765625,0.0950202595471698
2021-01-29,34316.38671875,0.025090070847817985
2021-01-30,34269.5234375,-0.0013665573129015413
2021-01-31,33114.359375,-0.034289423389572346
2021-02-01,33537.17578125,0.0126875420679964
2021-02-02,35510.2890625,0.057167938879420434
2021-02-03,37472.08984375,0.053773897801538996
2021-02-04,36926.06640625,-0.01467867670382311
2021-02-05,38144.30859375,0.03245885330843299
2021-02-06,39266.01171875,0.02898274128113115
2021-02-07,38903.44140625,-0.009276588183404773
2021-02-08,46196.46484375,0.17182056188812328
2021-02-09,46481.10546875,0.0061426193854515
2021-02-10,44918.18359375,-0.03420320342962812
2021-02-11,47909.33203125,0.06446761605839371
2021-02-12,47504.8515625,-0.008478464657924508
2021-02-13,47105.515625,-0.008441745251820123
2021-02-14,48717.2890625,0.033643879906238475
2021-02-15,47945.05859375,-0.015978235928812496
2021-02-16,49199.87109375,0.0258352607407487
2021-02-17,52149.0078125,0.058214152169521576
2021-02-18,51679.796875,-0.009038226589304248
2021-02-19,55888.1328125,0.07828513543693166
2021-02-20,56099.51953125,0.0037751835203801024
2021-02-21,57539.9453125,0.02535215971053203
2021-02-22,54207.3203125,-0.05966344725525414
2021-02-23,48824.42578125,-0.10458524450100902
2021-02-24,49705.33203125,0.017881495738120444
2021-02-25,47093.8515625,-0.053969759252051705
2021-02-26,46339.76171875,-0.016142075456887308
2021-02-27,46188.453125,-0.0032705424799890207
2021-02-28,45137.76953125,-0.02301047656676125
2021-03-01,49631.2421875,0.09490116032713884
2021-03-02,48378.98828125,-0.025554925208490772
2021-03-03,50538.2421875,0.043664727693901485
2021-03-04,48561.16796875,-0.0399061221991278
2021-03-05,48927.3046875,0.007511420176535919
2021-03-06,48912.3828125,-0.0003050270395783075
2021-03-07,51206.69140625,0.0458396233606819
2021-03-08,52246.5234375,0.020103136515502152
2021-03-09,54824.1171875,0.048156840253235314
2021-03-10,56008.55078125,0.021374179798027783
2021-03-11,57805.12109375,0.031573000390297756
2021-03-12,57332.08984375,-0.008216872853115568
2021-03-13,61243.0859375,0.06599046126171279
2021-03-14,59302.31640625,-0.03220259265928875
2021-03-15,55907.19921875,-0.05895520841682183
2021-03-16,56804.90234375,0.015929471547609108
2021-03-17,58870.89453125,0.03572418708035779
2021-03-18,57858.921875,-0.017339151916613386
2021-03-19,58346.65234375,0.008394319050580128
2021-03-20,58313.64453125,-0.0005658791253751102
2021-03-21,57523.421875,-0.013643904139846409
2021-03-22,54529.14453125,-0.05345688104443306
2021-03-23,54738.9453125,0.0038401154329438564
2021-03-24,52774.265625,-0.036551757777657644
2021-03-25,51704.16015625,-0.020485432915556448
2021-03-26,55137.3125,0.06428841931989358
2021-03-27,55973.51171875,0.015051908974823298
2021-03-28,55950.74609375,-0.0004068041327035923
2021-03-29,57750.19921875,0.03165502939331705
2021-03-30,58917.69140625,0.020014609919984168
2021-03-31,58918.83203125,1.935944759335448e-05
2021-04-01,59095.80859375,0.0029992328786879927
2021-04-02,59384.3125,0.004870090844088338
2021-04-03,57603.890625,-0.030439981167968613
2021-04-04,58758.5546875,0.019846643132378484
2021-04-05,59057.87890625,0.005081207326213134
2021-04-06,58192.359375,-0.01476389754962159
2021-04-07,56048.9375,-0.037528870853164246
2021-04-08,58323.953125,0.03978767570422682
2021-04-09,58245.00390625,-0.001354549836114697
2021-04-10,59793.234375,0.026234198096664975
2021-04-11,60204.96484375,0.006862304387402612
2021-04-12,59893.453125,-0.005187618998143358
2021-04-13,63503.45703125,0.05852714345026763
2021-04-14,63109.6953125,-0.006219938149170958
2021-04-15,63314.01171875,0.003232251116976691
2021-04-16,61572.7890625,-0.027886621874568536
2021-04-17,60683.8203125,-0.014542926101405163
2021-04-18,56216.18359375,-0.07647243109811933
2021-04-19,55724.265625,-0.008788979117796622
2021-04-20,56473.03125,0.013347500558966063
2021-04-21,53906.08984375,-0.04651974554182734
2021-04-22,51762.2734375,-0.040581883746807136
2021-04-23,51093.65234375,-0.013001302685204313
2021-04-24,50050.8671875,-0.020620437180110716
2021-04-25,49004.25390625,-0.02113272327896639
2021-04-26,54021.75390625,0.09747970680195452
2021-04-27,55033.1171875,0.01854831914865377
2021-04-28,54824.703125,-0.0037942553737364284
2021-04-29,53555.109375,-0.023429673825133245
2021-04-30,57750.17578125,0.07541518772096198
2021-05-01,57828.05078125,0.0013475723603123622
2021-05-02,56631.078125,-0.020916047590224387
2021-05-03,57200.29296875,0.010001102205402288
2021-05-04,53333.5390625,-0.06999363622377694
2021-05-05,57424.0078125,0.07389708647447689
2021-05-06,56396.515625,-0.018055093557641698
2021-05-07,57356.40234375,0.016877096781434925
2021-05-08,58803.77734375,0.024921619702789645
2021-05-09,58232.31640625,-0.009765628034028508
2021-05-10,55859.796875,-0.041595541159714526
2021-05-11,56704.57421875,0.015009957344289306
2021-05-12,49150.53515625,-0.142967146773037
2021-05-13,49716.19140625,0.011442928110092723
2021-05-14,49880.53515625,0.003300186759766157
2021-05-15,46760.1875,-0.06459870319528387
2021-05-16,46456.05859375,-0.006525257090234029
2021-05-17,43537.51171875,-0.0648839844864655
2021-05-18,42909.40234375,-0.014531934084628221
2021-05-19,37002.44140625,-0.14810707635188664
2021-05-20,40782.73828125,0.0972750161239599
2021-05-21,37304.69140625,-0.08913981683679192
2021-05-22,37536.6328125,0.0061982374372439785
2021-05-23,34770.58203125,-0.07654564579833298
2021-05-24,38705.98046875,0.10722243682664231
2021-05-25,38402.22265625,-0.007878782581024249
2021-05-26,39294.19921875,0.022961565812768543
2021-05-27,38436.96875,-0.02205718107153495
2021-05-28,35697.60546875,-0.07393611150144239
2021-05-29,34616.06640625,-0.030765691542153008
2021-05-30,35678.12890625,0.030219944078986264
2021-05-31,37332.85546875,0.04533591723246496
2021-06-01,36684.92578125,-0.01750785357311659
2021-06-02,37575.1796875,0.02397778870231388
2021-06-03,39208.765625,0.042556616951370016
2021-06-04,36894.40625,-0.06084038726712561
2021-06-05,35551.95703125,-0.03706474257477647
2021-06-06,35862.37890625,0.008693599850188834
2021-06-07,33560.70703125,-0.06633285563534304
2021-06-08,33472.6328125,-0.002627775063457771
2021-06-09,37345.12109375,0.10947410238213756
2021-06-10,36702.59765625,-0.017354742993128305
2021-06-11,37334.3984375,0.017067578415986145
2021-06-12,35552.515625,-0.048904195040405544
2021-06-13,39097.859375,0.09505680129465752
2021-06-14,40218.4765625,0.02825878796632069
2021-06-15,40406.26953125,0.004658453327527578
2021-06-16,38347.0625,-0.052307031596144006
2021-06-17,38053.50390625,-0.007684760787668957
2021-06-18,35787.24609375,-0.06140159139173661
2021-06-19,35615.87109375,-0.004800219817294286
2021-06-20,35698.296875,0.0023116253137915738
2021-06-21,31676.693359375,-0.119521795848678
2021-06-22,32505.66015625,0.025833047609393114
2021-06-23,33723.02734375,0.03676667515561315
2021-06-24,34662.4375,0.027475699857643344
2021-06-25,31637.779296875,-0.09130465397426267
2021-06-26,32186.27734375,0.01718823840092292
2021-06-27,34649.64453125,0.0737472744793095
2021-06-28,34434.3359375,-0.006233262455755746
2021-06-29,35867.77734375,0.040785121124139886
2021-06-30,35040.8359375,-0.02332520296585249
2021-07-01,33572.1171875,-0.04281824560087459
2021-07-02,33897.046875,0.00963202091343982
2021-07-03,34668.546875,0.022504948021345134
2021-07-04,35287.78125,0.017703918010918158
2021-07-05,33746.00390625,-0.04467475626166748
2021-07-06,34235.1953125,0.014392210079461632
2021-07-07,33855.328125,-0.011157826650301255
2021-07-08,32877.37109375,-0.029311778537964177
2021-07-09,33798.01171875,0.02761736344787324
2021-07-10,33520.51953125,-0.0082442012335933
2021-07-11,34240.1875,0.021242252673874872
2021-07-12,33155.84765625,-0.032180926347831006
2021-07-13,32702.025390625,-0.013782086425800635
2021-07-14,32822.34765625,0.0036725998364308425
2021-07-15,31780.73046875,-0.032249468356842406
2021-07-16,31421.5390625,-0.01136653085848622
2021-07-17,31533.068359375,0.003543169217346287
2021-07-18,31796.810546875,0.008329203113175575
2021-07-19,30817.83203125,-0.031272502988710885
2021-07-20,29807.34765625,-0.033338555734212405
2021-07-21,32110.693359375,0.07443417235693212
2021-07-22,32313.10546875,0.006283788882169604
2021-07-23,33581.55078125,0.038503942271904575
2021-07-24,34292.4453125,0.020948244356669858
2021-07-25,35350.1875,0.030378619797658737
2021-07-26,37337.53515625,0.05469542869161192
2021-07-27,39406.94140625,0.0539428534880362
2021-07-28,39995.90625,0.01483512651645551
2021-07-29,40008.421875,0.00031287370059631146
2021-07-30,42235.546875,0.0541722306526184
2021-07-31,41626.1953125,-0.014532545375150554
2021-08-01,39974.89453125,-0.04047804375571393
2021-08-02,39201.9453125,-0.01952524946480863
2021-08-03,38152.98046875,-0.0271224912051319
2021-08-04,39747.50390625,0.04094316463847637
2021-08-05,40869.5546875,0.027838357371246687
2021-08-06,42816.5,0.04653814062641624
2021-08-07,44555.80078125,0.03981881145877593
2021-08-08,43798.1171875,-0.017151523902089738
2021-08-09,46365.40234375,0.056962712090068326
2021-08-10,45585.03125,-0.01697414139260822
2021-08-11,45593.63671875,0.0001887605723412682
2021-08-12,44428.2890625,-0.025891753544200504
2021-08-13,47793.3203125,0.07300947971891747
2021-08-14,47096.9453125,-0.014677743757973101
2021-08-15,47047.00390625,-0.0010609584864258955
2021-08-16,46004.484375,-0.02240830692116523
2021-08-17,44695.359375,-0.02886919903458737
2021-08-18,44801.1875,0.002364966650012081
2021-08-19,46717.578125,0.04188585333234935
2021-08-20,49339.17578125,0.05459790698385328
2021-08-21,48905.4921875,-0.008828701235467067
2021-08-22,49321.65234375,0.008473475397263706
2021-08-23,49546.1484375,0.0045413466832814305
2021-08-24,47706.1171875,-0.03784489433094968
2021-08-25,48960.7890625,0.02596012195042943
2021-08-26,46942.21875,-0.0421022974523753
2021-08-27,49058.66796875,0.04409943030226678
2021-08-28,48902.40234375,-0.0031903644385737097
2021-08-29,48829.83203125,-0.0014850847584068098
2021-08-30,47054.984375,-0.03702463994727715
2021-08-31,47166.6875,0.002371071858731938
2021-09-01,48847.02734375,0.03500565378801719
2021-09-02,49327.72265625,0.00979272478817146
2021-09-03,50025.375,0.014044128006187486
2021-09-04,49944.625,-0.0016154849967335088
2021-09-05,51753.41015625,0.035575435016673145
2021-09-06,52633.53515625,0.0168631403802205
2021-09-07,46811.12890625,-0.11723249529729855
2021-09-08,46091.390625,-0.015494793572991005
2021-09-09,46391.421875,0.006488390533953229
2021-09-10,44883.91015625,-0.03303518664446581
2021-09-11,45201.45703125,0.0070499394103558715
2021-09-12,46063.26953125,0.01888655452823882
2021-09-13,44963.07421875,-0.024174296052118335
2021-09-14,47092.4921875,0.046272006777909304
2021-09-15,48176.34765625,0.022754601314508963
2021-09-16,47783.359375,-0.0081907394359386
2021-09-17,47267.51953125,-0.010854079709278335
2021-09-18,48278.36328125,0.02116012615402399
2021-09-19,47260.21875,-0.021314594702563614
2021-09-20,42843.80078125,-0.09810793836995628
2021-09-21,40693.67578125,-0.051488267863326775
2021-09-22,43574.5078125,0.06839960199678301
2021-09-23,44895.09765625,0.02985630902322461
2021-09-24,42839.75,-0.04686219528987527
2021-09-25,42716.59375,-0.002878952738409655
2021-09-26,43208.5390625,0.011450682044497961
2021-09-27,42235.73046875,-0.022771582829569807
2021-09-28,41034.54296875,-0.028852332947741827
2021-09-29,41564.36328125,0.012828924814572349
2021-09-30,43790.89453125,0.05218276011816411
2021-10-01,48116.94140625,0.09420841893127979
2021-10-02,47711.48828125,-0.008462113921141138
2021-10-03,48199.953125,0.010185835179136425
2021-10-04,49112.90234375,0.018763728593427256
2021-10-05,51514.8125,0.047747610534684515
2021-10-06,55361.44921875,0.07201410137731079
2021-10-07,53805.984375,-0.028498794333346032
2021-10-08,53967.84765625,0.0030037607441677503
2021-10-09,54968.22265625,0.01836679291081593
2021-10-10,54771.578125,-0.003583836316874845
2021-10-11,57484.7890625,0.04834896270757248
2021-10-12,56041.05859375,-0.02543576350608531
2021-10-13,57401.09765625,0.023978814816483514
2021-10-14,57321.5234375,-0.0013872457018979745
2021-10-15,61593.94921875,0.0718874583745788
2021-10-16,60892.1796875,-0.011458884632588321
2021-10-17,61553.6171875,0.010803865067540788
2021-10-18,62026.078125,0.007646292349290159
2021-10-19,64261.9921875,0.03541344366049976
2021-10-20,65992.8359375,0.026577834542035658
2021-10-21,62210.171875,-0.059027668390729156
2021-10-22,60692.265625,-0.02470225108270476
2021-10-23,61393.6171875,0.011489604888576206
2021-10-24,60930.8359375,-0.007566491344887265
2021-10-25,63039.82421875,0.03402727333400422
2021-10-26,60363.79296875,-0.04337718610106227
2021-10-27,58482.38671875,-0.03166384386368273
2021-10-28,60622.13671875,0.03593449158802419
2021-10-29,62227.96484375,0.026144375505153635
2021-10-30,61888.83203125,-0.0054647503804892625
2021-10-31,61318.95703125,-0.009250698649359285
2021-11-01,61004.40625,-0.005142950065019365
2021-11-02,63226.40234375,0.0357758773484733
2021-11-03,62970.046875,-0.004062805617150114
2021-11-04,61452.23046875,-0.02439903425460908
2021-11-05,61125.67578125,-0.005328129187967981
2021-11-06,61527.48046875,0.006551908440948538
2021-11-07,63326.98828125,0.028827681539784322
2021-11-08,67566.828125,0.06480556096155835
2021-11-09,66971.828125,-0.008845099182201409
2021-11-10,64995.23046875,-0.02995816542044536
2021-11-11,64949.9609375,-0.0006967481072823624
2021-11-12,64155.94140625,-0.012300437518712916
2021-11-13,64469.52734375,0.00487596370827555
2021-11-14,65466.83984375,0.015351084638069591
2021-11-15,63557.87109375,-0.029592905846716044
2021-11-16,60161.24609375,-0.05492245425158357
2021-11-17,60368.01171875,0.00343096492223367
2021-11-18,56942.13671875,-0.058423750403308876
2021-11-19,58119.578125,0.02046697304630566
2021-11-20,59697.1953125,0.02678245961804076
2021-11-21,58730.4765625,-0.016326255638854346
2021-11-22,56289.2890625,-0.042454514477448545
2021-11-23,57569.07421875,0.022481248103212805
2021-11-24,56280.42578125,-0.02263871996463873
2021-11-25,57274.6796875,0.01751183816078035
2021-11-26,53569.765625,-0.06687380102128215
2021-11-27,54815.078125,0.02298046960742265
2021-11-28,57248.45703125,0.043435386277887976
2021-11-29,57806.56640625,0.009701684218223901
2021-11-30,57005.42578125,-0.013955922421075117
2021-12-01,57229.828125,0.003928780734843055
2021-12-02,56477.81640625,-0.013227302108743101
2021-12-03,53598.24609375,-0.05233158566534184
2021-12-04,49200.703125,-0.08560843085516442
2021-12-05,49368.84765625,0.003411696472447897
2021-12-06,50582.625,0.024288526851428814
2021-12-07,50700.0859375,0.002319467736866812
2021-12-08,50504.796875,-0.0038592862213869153
2021-12-09,47672.12109375,-0.057721555808476536
2021-12-10,47243.3046875,-0.009035819421615396
2021-12-11,49362.5078125,0.04388024071672512
2021-12-12,50098.3359375,0.014796607838164322
2021-12-13,46737.48046875,-0.06944137030817533
2021-12-14,46612.6328125,-0.002674827620426481
2021-12-15,48896.72265625,0.04783877809998121
2021-12-16,47665.42578125,-0.025504064198459072
2021-12-17,46202.14453125,-0.031180093256039692
2021-12-18,46848.77734375,0.01389869565630835
2021-12-19,46707.015625,-0.0030305301841360094
2021-12-20,46880.27734375,0.003702680378992096
2021-12-21,48936.61328125,0.042928792887466996
2021-12-22,48628.51171875,-0.006315834406489169
2021-12-23,50784.5390625,0.043381939329586325
2021-12-24,50822.1953125,0.0007412156675569818
2021-12-25,50429.859375,-0.0077497271989944395
2021-12-26,50809.515625,0.007500204929835927
2021-12-27,50640.41796875,-0.003333620966693561
2021-12-28,47588.85546875,-0.062151426511976506
2021-12-29,46444.7109375,-0.024336011956341844
2021-12-30,47178.125,0.01566773871313257
2021-12-31,46306.4453125,-0.018649172756865187
2022-01-01,47686.8125,0.02937373314776973
2022-01-02,47345.21875,-0.007189054400021723
2022-01-03,46458.1171875,-0.018914636695763702
2022-01-04,45897.57421875,-0.012138934663861074
2022-01-05,43569.00390625,-0.05206628845481275
2022-01-06,43160.9296875,-0.009410297303589778
2022-01-07,41557.90234375,-0.037847988650375176
2022-01-08,41733.94140625,0.004227048332596754
2022-01-09,41911.6015625,0.004247935206112907
2022-01-10,41821.26171875,-0.002157811766201214
2022-01-11,42735.85546875,0.021633410637439378
2022-01-12,43949.1015625,0.027993907251911834
2022-01-13,42591.5703125,-0.03137582795207003
2022-01-14,43099.69921875,0.011859664695822615
2022-01-15,43177.3984375,0.0018011556222094572
2022-01-16,43113.87890625,-0.0014722123644015362
2022-01-17,42250.55078125,-0.02022757169904886
2022-01-18,42375.6328125,0.002956109256612036
2022-01-19,41744.328125,-0.01500991044287061
2022-01-20,40680.41796875,-0.02581674309560386
2022-01-21,36457.31640625,-0.10960468291543993
2022-01-22,35030.25,-0.039930188839646726
2022-01-23,36276.8046875,0.034966573781181565
2022-01-24,36654.328125,0.010352967106698903
2022-01-25,36954.00390625,0.008142486826951165
2022-01-26,36852.12109375,-0.0027608244495656064
2022-01-27,37138.234375,0.007733837890785913
2022-01-28,37784.33203125,0.017247505090414967
2022-01-29,38138.1796875,0.00932135173920975
2022-01-30,37917.6015625,-0.005800446457155093
2022-01-31,38483.125,0.014804408066392667
2022-02-01,38743.2734375,0.006737318502634114
2022-02-02,36952.984375,-0.04731073995912287
2022-02-03,37154.6015625,0.005441215831991581
2022-02-04,41500.875,0.11062688345744714
2022-02-05,41441.1640625,-0.0014398234837348135
2022-02-06,42412.43359375,0.02316687651757865
2022-02-07,43840.28515625,0.033111582709537346
2022-02-08,44118.4453125,0.006324808965338507
2022-02-09,44338.796875,0.00498211368199733
2022-02-10,43565.11328125,-0.01760339378138894
2022-02-11,42407.9375,-0.026921126055171853
2022-02-12,42244.46875,-0.00386212183286643
2022-02-13,42197.515625,-0.001112080209543203
2022-02-14,42586.91796875,0.009185768314632001
2022-02-15,44575.203125,0.045630604487240684
2022-02-16,43961.859375,-0.01385529504989858
2022-02-17,40538.01171875,-0.08108233071910446
2022-02-18,40030.9765625,-0.012586526423760572
2022-02-19,40122.15625,0.002275138191892225
2022-02-20,38431.37890625,-0.043054421746525254
2022-02-21,37075.28125,-0.03592381094835431
2022-02-22,38286.02734375,0.03213453434150656
2022-02-23,37296.5703125,-0.026183634615420347
2022-02-24,38332.609375,0.027399579951549815
2022-02-25,39214.21875,0.022738450595305906
2022-02-26,39105.1484375,-0.0027852723260769346
2022-02-27,37709.78515625,-0.036334517924426976
2022-02-28,43193.234375,0.13576425730332167
2022-03-01,44354.63671875,0.026533380332524757
2022-03-02,43924.1171875,-0.009753715935407227
2022-03-03,42451.7890625,-0.03409447865241336
2022-03-04,39137.60546875,-0.0812852755652355
2022-03-05,39400.5859375,0.0066969062286334315
2022-03-06,38419.984375,-0.025202937052357023
2022-03-07,38062.0390625,-0.0093603152707349
2022-03-08,38737.26953125,0.01758473821596099
2022-03-09,41982.92578125,0.08046083301385845
2022-03-10,39437.4609375,-0.06254685680053026
2022-03-11,38794.97265625,-0.016425482290646415
2022-03-12,38904.01171875,0.002806706804667275
2022-03-13,37849.6640625,-0.027475269974984843
2022-03-14,39666.75390625,0.04689129940953424
2022-03-15,39338.78515625,-0.00830247189817811
2022-03-16,41143.9296875,0.044865467674200424
2022-03-17,40951.37890625,-0.004690916877794194
2022-03-18,41801.15625,0.020538517974936225
2022-03-19,42190.65234375,0.009274687432012266
2022-03-20,41247.82421875,-0.022600322885966202
2022-03-21,41077.99609375,-0.004125761887466681
2022-03-22,42358.80859375,0.03070379130997368
2022-03-23,42892.95703125,0.012531246090632069
2022-03-24,43960.93359375,0.024593725965785046
2022-03-25,44348.73046875,0.008782716407665668
2022-03-26,44500.828125,0.0034237154855725296
2022-03-27,46820.4921875,0.050813175792382204
2022-03-28,47128.00390625,0.0065464127633699815
2022-03-29,47465.73046875,0.00714059973919024
2022-03-30,47062.6640625,-0.0085279952347302
2022-03-31,45538.67578125,-0.03291800954258311
2022-04-01,46281.64453125,0.016183454010017757
2022-04-02,45868.94921875,-0.008957035540670266
2022-04-03,46453.56640625,0.012664841243046981
2022-04-04,46622.67578125,0.0036337857461326666
2022-04-05,45555.9921875,-0.02314486060589607
2022-04-06,43206.73828125,-0.05294570510057487
2022-04-07,43503.84765625,0.0068529242315328075
2022-04-08,42287.6640625,-0.028353972258937266
2022-04-09,42782.13671875,0.011625235289932529
2022-04-10,42207.671875,-0.013518646577317169
2022-04-11,39521.90234375,-0.06574699455484899
2022-04-12,40127.18359375,0.015198991801760953
2022-04-13,41166.73046875,0.02557641749549052
2022-04-14,39935.515625,-0.030364373354540806
2022-04-15,40553.46484375,0.015355179227128868
2022-04-16,40424.484375,-0.0031855728397045674
2022-04-17,39716.953125,-0.017657522881942136
2022-04-18,40826.21484375,0.027546268364385663
2022-04-19,41502.75,0.016435294339235306
2022-04-20,41374.37890625,-0.003097867846210707
2022-04-21,40527.36328125,-0.020684439708319406
2022-04-22,39740.3203125,-0.019611085251918917
2022-04-23,39486.73046875,-0.006401619327578674
2022-04-24,39469.29296875,-0.00044170158334548267
2022-04-25,40458.30859375,0.024749050076096804
2022-04-26,38117.4609375,-0.05959955698854747
2022-04-27,39241.12109375,0.029052734994520196
2022-04-28,39773.828125,0.013483906721524785
2022-04-29,38609.82421875,-0.02970235366082905
2022-04-30,37714.875,-0.023452178557919624
2022-05-01,38469.09375,0.019800580200401846
2022-05-02,38529.328125,0.0015645616058173508
2022-05-03,37750.453125,-0.02042224184090012
2022-05-04,39698.37109375,0.050312677532991644
2022-05-05,36575.140625,-0.08194136472907673
2022-05-06,36040.921875,-0.014713780107637159
2022-05-07,35501.953125,-0.015067299056939674
2022-05-08,34059.265625,-0.04148559878699712
2022-05-09,30296.953125,-0.1170549632581505
2022-05-10,31022.90625,0.023678692386482958
2022-05-11,28936.35546875,-0.06962706368652095
2022-05-12,29047.751953125,0.0038423156405122537
2022-05-13,29283.103515625,0.008069582993285078
2022-05-14,30101.265625,0.02755654035085545
2022-05-15,31305.11328125,0.039214229608877514
2022-05-16,29862.91796875,-0.047163938825930986
2022-05-17,30425.857421875,0.018675310971867837
2022-05-18,28720.271484375,-0.05768962303395388
2022-05-19,30314.333984375,0.054017472510896065
2022-05-20,29200.740234375,-0.03742660999960213
2022-05-21,29432.2265625,0.007896156156526583
2022-05-22,30323.72265625,0.02984011653578575
2022-05-23,29098.91015625,-0.04122961033666706
2022-05-24,29655.5859375,0.01894978176706928
2022-05-25,29562.361328125,-0.0031485281301596416
2022-05-26,29267.224609375,-0.010033699544872113
2022-05-27,28627.57421875,-0.022097889022563728
2022-05-28,28814.900390625,0.006522241153916333
2022-05-29,29445.95703125,0.02166399017895866
2022-05-30,31726.390625,0.07459222816391974
2022-05-31,31792.310546875,0.0020756074770069063
2022-06-01,29799.080078125,-0.06474693067083527
2022-06-02,30467.48828125,0.02218263391098452
2022-06-03,29704.390625,-0.02536528971019155
2022-06-04,29832.9140625,0.00431741536890466
2022-06-05,29906.662109375,0.002468985857085947
2022-06-06,31370.671875,0.04779217112896654
2022-06-07,31155.478515625,-0.006883334658869973
2022-06-08,30214.35546875,-0.030672946983430784
2022-06-09,30111.998046875,-0.0033934595457949636
2022-06-10,29083.8046875,-0.03474221923780006
2022-06-11,28360.810546875,-0.02517319741030233
2022-06-12,26762.6484375,-0.05800108151881945
2022-06-13,22487.388671875,-0.17405255177667042
2022-06-14,22206.79296875,-0.012556416941057361
2022-06-15,22572.83984375,0.01634917508386348
2022-06-16,20381.650390625,-0.10211240133010355
2022-06-17,20471.482421875,0.004397810882562394
2022-06-18,19017.642578125,-0.07366571122488891
2022-06-19,20553.271484375,0.07765301952407
2022-06-20,20599.537109375,0.002248480532576946
2022-06-21,20710.59765625,0.005376928208097346
2022-06-22,19987.029296875,-0.03556200532463169
2022-06-23,21085.876953125,0.053519949652552336
2022-06-24,21231.65625,0.006889809613761697
2022-06-25,21502.337890625,0.01266838104662478
2022-06-26,21027.294921875,-0.02234031636729734
2022-06-27,20735.478515625,-0.013975180844796839
2022-06-28,20280.634765625,-0.022179692795419582
2022-06-29,20104.0234375,-0.00874651225988825
2022-06-30,19784.7265625,-0.016009711756282033
2022-07-01,19269.3671875,-0.02639361166796203
2022-07-02,19242.255859375,-0.0014079558563739067
2022-07-03,19297.076171875,0.0028449039765122944
2022-07-04,20231.26171875,0.04727542718300751
2022-07-05,20190.115234375,-0.002035878126304793
2022-07-06,20548.24609375,0.017582449257883936
2022-07-07,21637.587890625,0.05165639338861742
2022-07-08,21731.1171875,0.0043132227124235666
2022-07-09,21592.20703125,-0.0064127411638449485
2022-07-10,20860.44921875,-0.03447747972502637
2022-07-11,19970.556640625,-0.04359596339476734
2022-07-12,19323.9140625,-0.03291562138901987
2022-07-13,20212.07421875,0.044936759944821686
2022-07-14,20569.919921875,0.017549651263241726
2022-07-15,20836.328125,0.012868197042892807
2022-07-16,21190.31640625,0.016846296291970084
2022-07-17,20779.34375,-0.01958489970974724
2022-07-18,22485.689453125,0.07891967823012867
2022-07-19,23389.43359375,0.03940528200341783
2022-07-20,23231.732421875,-0.006765243636369361
2022-07-21,23164.62890625,-0.0028926217700481673
2022-07-22,22714.978515625,-0.019601945764881813
2022-07-23,22465.478515625,-0.011044710597189035
2022-07-24,22609.1640625,0.006375470790258249
2022-07-25,21361.701171875,-0.056755659782032404
2022-07-26,21239.75390625,-0.0057250438268413185
2022-07-27,22930.548828125,0.07659542154936112
2022-07-28,23843.88671875,0.03905783089201425
2022-07-29,23804.6328125,-0.001647644691440151
2022-07-30,23656.20703125,-0.006254683466181995
2022-07-31,23336.896484375,-0.013589886059606543
2022-08-01,23314.19921875,-0.0009730647082914476
2022-08-02,22978.1171875,-0.01452024708261338
2022-08-03,22846.5078125,-0.005744061707541017
2022-08-04,22630.95703125,-0.009479525568520927
2022-08-05,23289.314453125,0.028675899088160428
2022-08-06,22961.279296875,-0.014185359813054537
2022-08-07,23175.890625,0.009303252730044901
2022-08-08,23809.486328125,0.02697154534457858
2022-08-09,23164.318359375,-0.02747099349637511
2022-08-10,23947.642578125,0.03325679505388167
2022-08-11,23957.529296875,0.00041276206736784357
2022-08-12,24402.818359375,0.018415982056898608
2022-08-13,24424.068359375,0.0008704221288590054
2022-08-14,24319.333984375,-0.0042973830773317305
2022-08-15,24136.97265625,-0.00752687118445491
2022-08-16,23883.291015625,-0.010565706274135412
2022-08-17,23335.998046875,-0.023181944883864696
2022-08-18,23212.73828125,-0.005295957030778942
2022-08-19,20877.552734375,-0.10602664190168617
2022-08-20,21166.060546875,0.013724431302661714
2022-08-21,21534.12109375,0.017239723512555944
2022-08-22,21398.908203125,-0.006298802571622582
2022-08-23,21528.087890625,0.0060185938546632
2022-08-24,21395.01953125,-0.00620033327852915
2022-08-25,21600.904296875,0.009577016652955654
2022-08-26,20260.01953125,-0.06408571655966329
2022-08-27,20041.73828125,-0.010832449813926528
2022-08-28,19616.814453125,-0.0214299343072556
2022-08-29,20297.994140625,0.034134991629983055
2022-08-30,19796.80859375,-0.02500132778356697
2022-08-31,20049.763671875,0.012696624168793951
2022-09-01,20127.140625,0.0038518173635346637
2022-09-02,19969.771484375,-0.007849479691159277
2022-09-03,19832.087890625,-0.006918477935497839
2022-09-04,19986.712890625,0.007766470822269511
2022-09-05,19812.37109375,-0.008761151996171085
2022-09-06,18837.66796875,-0.0504480646723607
2022-09-07,19290.32421875,0.02374515374913594
2022-09-08,19329.833984375,0.00204607030353663
2022-09-09,21381.15234375,0.10086009766789074
2022-09-10,21680.5390625,0.01390523841339878
2022-09-11,21769.255859375,0.004083651963045384
2022-09-12,22370.44921875,0.027242163871664303
2022-09-13,20296.70703125,-0.09728219892342403
2022-09-14,20241.08984375,-0.0027439686753737906
2022-09-15,19701.2109375,-0.02703458624126178
2022-09-16,19772.583984375,0.0036162281734326176
2022-09-17,20127.576171875,0.017794492715736767
2022-09-18,19419.505859375,-0.03581280604750071
2022-09-19,19544.12890625,0.006396912022913548
2022-09-20,18890.7890625,-0.03400047754708742
2022-09-21,18547.400390625,-0.018344813515223775
2022-09-22,19413.55078125,0.045641677549128984
2022-09-23,19297.638671875,-0.00598857629671097
2022-09-24,18937.01171875,-0.018864440709329067
2022-09-25,18802.09765625,-0.007149858037088313
2022-09-26,19222.671875,0.022121968157295297
2022-09-27,19110.546875,-0.005850034170169328
2022-09-28,19426.720703125,0.016409099157190264
2022-09-29,19573.05078125,0.007504185755091534
2022-09-30,19431.7890625,-0.007243323491751529
2022-10-01,19312.095703125,-0.006178716506548767
2022-10-02,19044.107421875,-0.013973887936277964
2022-10-03,19623.580078125,0.0299741763073446
2022-10-04,20336.84375,0.035702295702777984
2022-10-05,20160.716796875,-0.00869820607502516
2022-10-06,19955.443359375,-0.010234041758595132
2022-10-07,19546.849609375,-0.02068782806747579
2022-10-08,19416.568359375,-0.0066873874171619555
2022-10-09,19446.42578125,0.0015365479891413887
2022-10-10,19141.484375,-0.01580535214708789
2022-10-11,19051.41796875,-0.004716403712704758
2022-10-12,19157.4453125,0.005549896374470987
2022-10-13,19382.904296875,0.011700026522297709
2022-10-14,19185.65625,-0.010228526229371489
2022-10-15,19067.634765625,-0.006170546675591737
2022-10-16,19268.09375,0.010458171486817167
2022-10-17,19550.7578125,0.014563494131467007
2022-10-18,19334.416015625,-0.011127327349328565
2022-10-19,19139.53515625,-0.010130621895940859
2022-10-20,19053.740234375,-0.004492679159130498
2022-10-21,19172.46875,0.00621191065339352
2022-10-22,19208.189453125,0.0018613913940529582
2022-10-23,19567.0078125,0.01850815095417208
2022-10-24,19345.572265625,-0.011381303255268389
2022-10-25,20095.857421875,0.038050125599863024
2022-10-26,20770.44140625,0.033017194358947406
2022-10-27,20285.8359375,-0.023607984321621485
2022-10-28,20595.3515625,0.015142492579417856
2022-10-29,20818.4765625,0.010775490653264773
2022-10-30,20635.603515625,-0.008822978719624204
2022-10-31,20495.7734375,-0.006799218852899474
2022-11-01,20485.2734375,-0.0005124320157945651
2022-11-02,20159.50390625,-0.01603042401585493
2022-11-03,20209.98828125,0.002501116490787244
2022-11-04,21147.23046875,0.04533199824767065
2022-11-05,21282.69140625,0.006385182519711849
2022-11-06,20926.486328125,-0.01687848726805324
2022-11-07,20602.81640625,-0.015587859865227252
2022-11-08,18541.271484375,-0.10542864681146098
2022-11-09,15880.7802734375,-0.15488954817014716
2022-11-10,17586.771484375,0.1020374090112842
2022-11-11,17034.29296875,-0.03191845360130116
2022-11-12,16799.185546875,-0.013898139747380939
2022-11-13,16353.365234375,-0.026896704984698754
2022-11-14,16618.19921875,0.016064732404599078
2022-11-15,16884.61328125,0.01590431717951544
2022-11-16,16669.439453125,-0.012825680370738035
2022-11-17,16687.517578125,0.0010839194206494296
2022-11-18,16697.77734375,0.0006146278457023498
2022-11-19,16711.546875,0.0008242927596795972
2022-11-20,16291.83203125,-0.02543603029442077
2022-11-21,15787.2841796875,-0.03145906258707414
2022-11-22,16189.76953125,0.02517471508039186
2022-11-23,16610.70703125,0.025667956985737504
2022-11-24,16604.46484375,-0.00037586363225689277
2022-11-25,16521.841796875,-0.004988374895103048
2022-11-26,16464.28125,-0.0034899891216231276
2022-11-27,16444.626953125,-0.0011944668045808346
2022-11-28,16217.322265625,-0.013918848240971523
2022-11-29,16444.982421875,0.01394046411034608
2022-11-30,17168.56640625,0.043059766583943886
2022-12-01,16967.1328125,-0.011802068595367332
2022-12-02,17088.66015625,0.007136986045805121
2022-12-03,16908.236328125,-0.010614234867796273
2022-12-04,17130.486328125,0.01305884246336571
2022-12-05,16974.826171875,-0.009128269217154126
2022-12-06,17089.50390625,0.006733035250819497
2022-12-07,16848.126953125,-0.014224977832437721
2022-12-08,17233.474609375,0.022614200081039638
2022-12-09,17133.15234375,-0.005838370505888547
2022-12-10,17128.724609375,-0.00025846420531521353
2022-12-11,17104.193359375,-0.00143319679738864
2022-12-12,17206.4375,0.0059599279123048595
2022-12-13,17781.318359375,0.03286478873072886
2022-12-14,17815.650390625,0.0019289306421712124
2022-12-15,17364.865234375,-0.02562838102102438
2022-12-16,16647.484375,-0.04218980898149945
2022-12-17,16795.091796875,0.008827572352892032
2022-12-18,16757.9765625,-0.002212331171359141
2022-12-19,16439.6796875,-0.01917645189485355
2022-12-20,16906.3046875,0.027988705082472278
2022-12-21,16817.53515625,-0.005264509420176635
2022-12-22,16830.341796875,0.0007612154110786702
2022-12-23,16796.953125,-0.0019858084288219657
2022-12-24,16847.755859375,0.0030199561547248985
2022-12-25,16841.986328125,-0.0003425096739709631
2022-12-26,16919.8046875,0.004609855984671537
2022-12-27,16717.173828125,-0.012048246868378581
2022-12-28,16552.572265625,-0.009895050300250239
2022-12-29,16642.341796875,0.00540864482551941
2022-12-30,16602.5859375,-0.002391695878759684
2022-12-31,16547.49609375,-0.003323665649558149
2023-01-01,16625.080078125,0.00467760631157723
2023-01-02,16688.470703125,0.003805700684704715
2023-01-03,16679.857421875,-0.0005162548994983624
2023-01-04,16863.23828125,0.010934153962035356
2023-01-05,16836.736328125,-0.0015728177184386805
2023-01-06,16951.96875,0.006820792235553174
2023-01-07,16955.078125,0.00018340582830352
2023-01-08,17091.14453125,0.00799308234902105
2023-01-09,17196.5546875,0.006148589187306557
2023-01-10,17446.29296875,0.014418133870887372
2023-01-11,17934.896484375,0.02762115049773119
2023-01-12,18869.587890625,0.05080318049018759
2023-01-13,19909.57421875,0.053649212803668606
2023-01-14,20976.298828125,0.052192440560842025
2023-01-15,20880.798828125,-0.0045631527773636734
2023-01-16,21169.6328125,0.013737719952276949
2023-01-17,21161.51953125,-0.00038332437933474676
2023-01-18,20688.78125,-0.02259283115330066
2023-01-19,21086.79296875,0.019055334102897954
2023-01-20,22676.552734375,0.0726845526110478
2023-01-21,22777.625,0.004447222994453112
2023-01-22,22720.416015625,-0.002514790230431855
2023-01-23,22934.431640625,0.00937544219856928
2023-01-24,22636.46875,-0.013077079200906103
2023-01-25,23117.859375,0.021043184701323544
2023-01-26,23032.77734375,-0.003687148593844675
2023-01-27,23078.728515625,0.001993046474165044
2023-01-28,23031.08984375,-0.002066314313093378
2023-01-29,23774.56640625,0.03177133538504421
2023-01-30,22840.138671875,-0.040096914665951826
2023-01-31,23139.283203125,0.013012288539514132
2023-02-01,23723.76953125,0.024945734590003956
2023-02-02,23471.87109375,-0.010674749877368259
2023-02-03,23449.322265625,-0.000961136247671562
2023-02-04,23331.84765625,-0.0050223137428644544
2023-02-05,22955.666015625,-0.016254488231275857
2023-02-06,22760.109375,-0.008555376421285297
2023-02-07,23264.291015625,0.02191019571493288
2023-02-08,22939.3984375,-0.014063722484005989
2023-02-09,21819.0390625,-0.05007294792111713
2023-02-10,21651.18359375,-0.0077228177249046275
2023-02-11,21870.875,0.010095720621826006
2023-02-12,21788.203125,-0.0037871607629455096
2023-02-13,21808.1015625,0.0009128497942385424
2023-02-14,22220.8046875,0.018747466050136215
2023-02-15,24307.841796875,0.08977000786319626
2023-02-16,23623.474609375,-0.028558101481565734
2023-02-17,24565.6015625,0.03910624942610064
2023-02-18,24641.27734375,0.0030758236488141917
2023-02-19,24327.642578125,-0.01280971909443967
2023-02-20,24829.1484375,0.02040504474431612
2023-02-21,24436.353515625,-0.015946381537723795
2023-02-22,24188.84375,-0.010180396881003117
2023-02-23,23947.4921875,-0.010027916762018151
2023-02-24,23198.126953125,-0.03179206740644356
2023-02-25,23175.375,-0.000981248083164121
2023-02-26,23561.212890625,0.016511545833869257
2023-02-27,23522.87109375,-0.001628652491694882
2023-02-28,23147.353515625,-0.016092730875103014
2023-03-01,23646.55078125,0.021336804939163678
2023-03-02,23475.466796875,-0.007261350209481709
2023-03-03,22362.6796875,-0.04856242572977136
2023-03-04,22353.349609375,-0.0004173035221196778
2023-03-05,22435.513671875,0.00366895467532336
2023-03-06,22429.7578125,-0.0002565841781915384
2023-03-07,22219.76953125,-0.009406138966041635
2023-03-08,21718.080078125,-0.022837315061132093
2023-03-09,20363.021484375,-0.06442451332853331
2023-03-10,20187.244140625,-0.00866965688311379
2023-03-11,20632.41015625,0.021812221244110887
2023-03-12,22163.94921875,0.07160391184533008
2023-03-13,24197.533203125,0.08778363436848541
2023-03-14,24746.07421875,0.02241616479750579
2023-03-15,24375.9609375,-0.015069419825617957
2023-03-16,25052.7890625,0.027387721969650478
2023-03-17,27423.9296875,0.09043081735478727
2023-03-18,26965.87890625,-0.016843655914946763
2023-03-19,28038.67578125,0.03901251239696352
2023-03-20,27767.236328125,-0.009728058677075274
2023-03-21,28175.81640625,0.014607259457310753
2023-03-22,27307.4375,-0.031304934786025286
2023-03-23,28333.97265625,0.03690243092144147
2023-03-24,27493.28515625,-0.03011973318555565
2023-03-25,27494.70703125,5.171583626720892e-05
2023-03-26,27994.330078125,0.01800847790347154
2023-03-27,27139.888671875,-0.030997440056033318
2023-03-28,27268.130859375,0.004714100093914092
2023-03-29,28348.44140625,0.03885339931269162
2023-03-30,28033.5625,-0.011169598741333131
2023-03-31,28478.484375,0.015746414888453637
2023-04-01,28411.03515625,-0.0023712364214005313
2023-04-02,28199.30859375,-0.007480171844976413
2023-04-03,27790.220703125,-0.014613274150394037
2023-04-04,28168.08984375,0.01350558587463783
2023-04-05,28177.984375,0.0003512057047058866
2023-04-06,28044.140625,-0.004761257346579407
2023-04-07,27925.859375,-0.00422660089629551
2023-04-08,27947.794921875,0.0007851839396583646
2023-04-09,28333.05078125,0.01369069252890777
2023-04-10,29652.98046875,0.045533646757390224
2023-04-11,30235.05859375,0.019439489564332186
2023-04-12,30139.052734375,-0.0031803678161343176
2023-04-13,30399.06640625,0.008590133768281546
2023-04-14,30485.69921875,0.002845797962018112
2023-04-15,30318.49609375,-0.0054997371675221595
2023-04-16,30315.35546875,-0.00010359312238552485
2023-04-17,29445.044921875,-0.02912872327682135
2023-04-18,30397.552734375,0.03183646099781629
2023-04-19,28822.6796875,-0.05319953662867234
2023-04-20,28245.98828125,-0.020211126619281063
2023-04-21,27276.91015625,-0.034910877271712444
2023-04-22,27817.5,0.019624756556398195
2023-04-23,27591.384765625,-0.008161741227378502
2023-04-24,27525.33984375,-0.0023965485595713668
2023-04-25,28307.59765625,0.02802320777395386
2023-04-26,28422.701171875,0.004057925868580612
2023-04-27,29473.787109375,0.03631313286229464
2023-04-28,29340.26171875,-0.004540602889751968
2023-04-29,29248.48828125,-0.0031328032278842735
2023-04-30,29268.806640625,0.0006944394889976754
2023-05-01,28091.568359375,-0.041052856211014906
2023-05-02,28680.537109375,0.020749270291120427
2023-05-03,29006.30859375,0.011294600825028724
2023-05-04,28847.7109375,-0.005482697825375376
2023-05-05,29534.384765625,0.02352452363535224
2023-05-06,28904.623046875,-0.02155362050914689
2023-05-07,28454.978515625,-0.015678412319992844
2023-05-08,27694.2734375,-0.027097480312589104
2023-05-09,27658.775390625,-0.0012826051136456092
2023-05-10,27621.755859375,-0.0013393336115541375
2023-05-11,27000.7890625,-0.0227376278728039
2023-05-12,26804.990234375,-0.007278017155925187
2023-05-13,26784.078125,-0.0007804618022563855
2023-05-14,26930.638671875,0.0054570113859458225
2023-05-15,27192.693359375,0.009683688179724162
2023-05-16,27036.650390625,-0.005754943306692564
2023-05-17,27398.802734375,0.013305949198470446
2023-05-18,26832.208984375,-0.020896322938492334
2023-05-19,26890.12890625,0.0021562704301694635
2023-05-20,27129.5859375,0.008865600285434393
2023-05-21,26753.826171875,-0.01394736681453699
2023-05-22,26851.27734375,0.0036358955711424203
2023-05-23,27225.7265625,0.013848962643426162
2023-05-24,26334.818359375,-0.03327040018789596
2023-05-25,26476.20703125,0.005354526205137628
2023-05-26,26719.291015625,0.009139332662057487
2023-05-27,26868.353515625,0.00556333034484893
2023-05-28,28085.646484375,0.04430949975360071
2023-05-29,27745.884765625,-0.012171112107334788
2023-05-30,27702.349609375,-0.0015702994220325468
2023-05-31,27219.658203125,-0.017577792723265092
2023-06-01,26819.97265625,-0.014792581991188054
2023-06-02,27249.58984375,0.01589161106579633
2023-06-03,27075.12890625,-0.006422915434419119
2023-06-04,27119.06640625,0.0016214839752998166
2023-06-05,25760.09765625,-0.051410345698891795
2023-06-06,27238.783203125,0.05581511856233619
2023-06-07,26345.998046875,-0.03332542412080894
2023-06-08,26508.216796875,0.006138366063704449
2023-06-09,26480.375,-0.001050860137740086
2023-06-10,25851.240234375,-0.024045314677471934
2023-06-11,25940.16796875,0.0034340762243438776
2023-06-12,25902.5,-0.0014531650030546537
2023-06-13,25918.728515625,0.0006263269559741463
2023-06-14,25124.67578125,-0.031115354032620144
2023-06-15,25576.39453125,0.017819375410116443
2023-06-16,26327.462890625,0.0289427732653721
2023-06-17,26510.67578125,0.0069349007932065195
2023-06-18,26336.212890625,-0.006602603438313832
2023-06-19,26851.029296875,0.019359247201741925
2023-06-20,28327.48828125,0.05352849528514009
2023-06-21,30027.296875,0.05827421320682117
2023-06-22,29912.28125,-0.0038377235796951737
2023-06-23,30695.46875,0.02584590576815378
2023-06-24,30548.6953125,-0.004793067902493928
2023-06-25,30480.26171875,-0.0022426607224285255
2023-06-26,30271.130859375,-0.006884835938176551
2023-06-27,30688.1640625,0.013682563415242948
2023-06-28,30086.24609375,-0.01980891791303767
2023-06-29,30445.3515625,0.011865197537731036
2023-06-30,30477.251953125,0.0010472432791648364
2023-07-01,30590.078125,0.0036951443630783326
2023-07-02,30620.76953125,0.001002809469143997
2023-07-03,31156.439453125,0.017342426317960315
2023-07-04,30777.58203125,-0.012234379050443955
2023-07-05,30514.166015625,-0.008595533521292817
2023-07-06,29909.337890625,-0.020020299639946313
2023-07-07,30342.265625,0.01437090998029806
2023-07-08,30292.541015625,-0.0016401345457067653
2023-07-09,30171.234375,-0.004012544787339061
2023-07-10,30414.470703125,0.008029538805166095
2023-07-11,30620.951171875,0.006765948365584515
2023-07-12,30391.646484375,-0.007516669538967959
2023-07-13,31476.048828125,0.03505911799946575
2023-07-14,30334.068359375,-0.036955452769762046
2023-07-15,30295.806640625,-0.0012621409438578614
2023-07-16,30249.1328125,-0.0015417915284865274
2023-07-17,30145.888671875,-0.003418965294113633
2023-07-18,29856.5625,-0.009643886494910275
2023-07-19,29913.923828125,0.0019193869502834365
2023-07-20,29792.015625,-0.004083626307646249
2023-07-21,29908.744140625,0.003910458253167224
2023-07-22,29771.802734375,-0.004589155219131938
2023-07-23,30084.5390625,0.010449658783391701
2023-07-24,29176.916015625,-0.030633538164858885
2023-07-25,29227.390625,0.0017284554802405464
2023-07-26,29354.97265625,0.004355653333464597
2023-07-27,29210.689453125,-0.004927238584293436
2023-07-28,29319.24609375,0.0037094442045335473
2023-07-29,29356.91796875,0.0012840607690722545
2023-07-30,29275.30859375,-0.0027837737874393067
2023-07-31,29230.111328125,-0.0015450628224417467
2023-08-01,29675.732421875,0.01513023382608844
2023-08-02,29151.958984375,-0.01780750751690934
2023-08-03,29178.6796875,0.0009161807791750279
2023-08-04,29074.091796875,-0.0035908335462961935
2023-08-05,29042.126953125,-0.0011000318899209226
2023-08-06,29041.85546875,-9.347994530765627e-06
2023-08-07,29180.578125,0.004765273802377892
2023-08-08,29765.4921875,0.01984638697905339
2023-08-09,29561.494140625,-0.006877101417061734
2023-08-10,29429.591796875,-0.004471948989328098
2023-08-11,29397.71484375,-0.0010837469218066252
2023-08-12,29415.96484375,0.0006206039371356436
2023-08-13,29282.9140625,-0.004533340724443713
2023-08-14,29408.443359375,0.004277614074716283
2023-08-15,29170.34765625,-0.008129120118753778
2023-08-16,28701.779296875,-0.016193584838703763
2023-08-17,26664.55078125,-0.07362412009606191
2023-08-18,26049.556640625,-0.023334248653811243
2023-08-19,26096.205078125,0.0017891559507894222
2023-08-20,26189.583984375,0.003571869420107809
2023-08-21,26124.140625,-0.002501958864606914
2023-08-22,26031.65625,-0.0035464695192522202
2023-08-23,26431.640625,0.015248455549160829
2023-08-24,26162.373046875,-0.01023956576112509
2023-08-25,26047.66796875,-0.004393992436939317
2023-08-26,26008.462890625,-0.0015062619864454853
2023-08-27,26089.693359375,0.003118365040993392
2023-08-28,26106.150390625,0.0006305878251208892
2023-08-29,27727.392578125,0.060249892570851026
2023-08-30,27297.265625,-0.015634289371322937
2023-08-31,25931.47265625,-0.05132914544958933
2023-09-01,25800.724609375,-0.005054814300673318
2023-09-02,25868.798828125,0.0026349868784771645
2023-09-03,25969.56640625,0.0038877655416867615
2023-09-04,25812.416015625,-0.006069712504034206
2023-09-05,25779.982421875,-0.0012573014244295709
2023-09-06,25753.236328125,-0.001038013801593385
2023-09-07,26240.1953125,0.01873210550195057
2023-09-08,25905.654296875,-0.012831149860508746
2023-09-09,25895.677734375,-0.00038518556307899995
2023-09-10,25832.2265625,-0.0024532679048573473
2023-09-11,25162.654296875,-0.026261881067480307
2023-09-12,25833.34375,0.0263051279529175
2023-09-13,26228.32421875,0.015173852958685846
2023-09-14,26539.673828125,0.011800835130971608
2023-09-15,26608.693359375,0.0025972414093191217
2023-09-16,26568.28125,-0.0015199103541191222
2023-09-17,26534.1875,-0.0012840741866492755
2023-09-18,26754.28125,0.008260511389751386
2023-09-19,27211.1171875,0.016931102662432373
2023-09-20,27132.0078125,-0.0029114788993918343
2023-09-21,26567.6328125,-0.021020467716698094
2023-09-22,26579.568359375,0.0004491505408555205
2023-09-23,26579.390625,-6.686902016047694e-06
2023-09-24,26256.826171875,-0.012210127075315798
2023-09-25,26298.48046875,0.001585160786217759
2023-09-26,26217.25,-0.003093569595525136
2023-09-27,26352.716796875,0.005153782852789497
2023-09-28,27021.546875,0.02506320623495958
2023-09-29,26911.720703125,-0.004072674570297436
2023-09-30,26967.916015625,0.002085958120685116
2023-10-01,27983.75,0.036976120856382695
2023-10-02,27530.78515625,-0.01631914578851585
2023-10-03,27429.978515625,-0.0036683170659445614
2023-10-04,27799.39453125,0.013377719302482879
2023-10-05,27415.912109375,-0.013890662255842758
2023-10-06,27946.59765625,0.019171883788155934
2023-10-07,27968.83984375,0.0007955652201821253
2023-10-08,27935.08984375,-0.0012074286830624696
2023-10-09,27583.677734375,-0.012659387727925962
2023-10-10,27391.01953125,-0.0070090060125914885
2023-10-11,26873.3203125,-0.019081220842271783
2023-10-12,26756.798828125,-0.00434538164717781
2023-10-13,26862.375,0.0039380057832304975
2023-10-14,26861.70703125,-2.4866641728645306e-05
2023-10-15,27159.65234375,0.011030760315870677
2023-10-16,28519.466796875,0.04885439730476576
2023-10-17,28415.748046875,-0.0036433994327744555
2023-10-18,28328.341796875,-0.0030807197496875486
2023-10-19,28719.806640625,0.013724231161473081
2023-10-20,29682.94921875,0.03298576898255148
2023-10-21,29918.412109375,0.007901299916077796
2023-10-22,29993.896484375,0.002519829955235934
2023-10-23,33086.234375,0.09812340552916099
2023-10-24,33901.52734375,0.024342751787773464
2023-10-25,34502.8203125,0.017581001125127033
2023-10-26,34156.6484375,-0.010083818433932462
2023-10-27,33909.80078125,-0.007253169256571986
2023-10-28,34089.57421875,0.0052875149613998505
2023-10-29,34538.48046875,0.013082482218137433
2023-10-30,34502.36328125,-0.001046255776520464
2023-10-31,34667.78125,0.004782938801692802
2023-11-01,35437.25390625,0.021952875620689455
2023-11-02,34938.2421875,-0.014181643038139046
2023-11-03,34732.32421875,-0.005911206955145199
2023-11-04,35082.1953125,0.010022958693683921
2023-11-05,35049.35546875,-0.0009365213169939803
2023-11-06,35037.37109375,-0.0003419870125084872
2023-11-07,35443.5625,0.011526405303600254
2023-11-08,35655.27734375,0.005955525293475274
2023-11-09,36693.125,0.02869223982446583
2023-11-10,37313.96875,0.01677834605033404
2023-11-11,37138.05078125,-0.004725682318407844
2023-11-12,37054.51953125,-0.002251742592082081
2023-11-13,36502.35546875,-0.015013537055029228
2023-11-14,35537.640625,-0.02678435783979465
2023-11-15,37880.58203125,0.06384619927627835
2023-11-16,36154.76953125,-0.046629756190665436
2023-11-17,36596.68359375,0.01214874696667944
2023-11-18,36585.703125,-0.000300085015663709
2023-11-19,37386.546875,0.021653391391504333
2023-11-20,37476.95703125,0.002415334454994771
2023-11-21,35813.8125,-0.045392621921948366
2023-11-22,37432.33984375,0.04420138946783627
2023-11-23,37289.62109375,-0.003819999415433914
2023-11-24,37720.28125,0.01148288092363248
2023-11-25,37796.79296875,0.002026342935600158
2023-11-26,37479.12109375,-0.00844024984109134
2023-11-27,37254.16796875,-0.00602017674392167
2023-11-28,37831.0859375,0.015367313611233842
2023-11-29,37858.4921875,0.0007241750284948421
2023-11-30,37712.74609375,-0.0038571889984724806
2023-12-01,38688.75,0.02555073011462817
2023-12-02,39476.33203125,0.020152443138720524
2023-12-03,39978.390625,0.012637770520489717
2023-12-04,41980.09765625,0.04885656688656327
2023-12-05,44080.6484375,0.04882523455973004
2023-12-06,43746.4453125,-0.007610515703398493
2023-12-07,43292.6640625,-0.010427160036986542
2023-12-08,44166.6015625,0.01998568323480024
2023-12-09,43725.984375,-0.010026349184727985
2023-12-10,43779.69921875,0.001227688266422679
2023-12-11,41243.83203125,-0.05966864669683699
2023-12-12,41450.22265625,0.004991678164292342
2023-12-13,42890.7421875,0.03416274957103686
2023-12-14,43023.97265625,0.003101461159203954
2023-12-15,41929.7578125,-0.025761678809584642
2023-12-16,42240.1171875,0.007374628549158558
2023-12-17,41364.6640625,-0.02094342240847231
2023-12-18,42623.5390625,0.029979669511789556
2023-12-19,42270.52734375,-0.008316570718615267
2023-12-20,43652.25,0.032164737244750545
2023-12-21,43869.15234375,0.0049565656400486135
2023-12-22,43997.90234375,0.0029305657871948458
2023-12-23,43739.54296875,-0.005889392398977758
2023-12-24,43016.1171875,-0.016677702596480784
2023-12-25,43613.140625,0.013783631646973108
2023-12-26,42520.40234375,-0.025374479539831175
2023-12-27,43442.85546875,0.021462391204340153
2023-12-28,42627.85546875,-0.018938483263033618
2023-12-29,42099.40234375,-0.01247437935200907
2023-12-30,42156.90234375,0.001364883236683238
2023-12-31,42265.1875,0.0025653289520551383
2024-01-01,44167.33203125,0.044021664837326654
2024-01-02,44957.96875,0.01774260401360504
2024-01-03,42848.17578125,-0.04806495357875531
2024-01-04,44179.921875,0.030607357718285957
2024-01-05,44162.69140625,-0.0003900828451526924
2024-01-06,43989.1953125,-0.00393630412750998
2024-01-07,43943.09765625,-0.0010484808007761193
2024-01-08,46970.50390625,0.06662426635587364
2024-01-09,46139.73046875,-0.01784541710643821
2024-01-10,46627.77734375,0.01052203275194838
2024-01-11,46368.5859375,-0.005574241147522551
2024-01-12,42853.16796875,-0.07884262883299366
2024-01-13,42842.3828125,-0.0002517086641866489
2024-01-14,41796.26953125,-0.024720775355358247
2024-01-15,42511.96875,0.01697856404641987
2024-01-16,43154.9453125,0.015011364505806485
2024-01-17,42742.65234375,-0.009599712825861542
2024-01-18,41262.05859375,-0.03525390600438047
2024-01-19,41618.40625,0.008599127738074015
2024-01-20,41665.5859375,0.0011329834535463317
2024-01-21,41545.78515625,-0.002879434924556738
2024-01-22,39507.3671875,-0.05030891028125471
2024-01-23,39845.55078125,0.008523584257922188
2024-01-24,40077.07421875,0.005793705727985713
2024-01-25,39933.80859375,-0.003581157289492955
2024-01-26,41816.87109375,0.04607657449481696
2024-01-27,42120.0546875,0.007224112855396914
2024-01-28,42035.59375,-0.002007256017307645
2024-01-29,43288.24609375,0.029364415736914624
2024-01-30,42952.609375,-0.007783744989935841
2024-01-31,42582.60546875,-0.008651552809046921
2024-02-01,43075.7734375,0.011514890294239742
2024-02-02,43185.859375,0.002552374530244358
2024-02-03,42992.25,-0.004493245492150753
2024-02-04,42583.58203125,-0.009551086228745845
2024-02-05,42658.66796875,0.0017617075316479283
2024-02-06,43084.671875,0.009936804708699247
2024-02-07,44318.22265625,0.02822864621028068
2024-02-08,45301.56640625,0.021945671282114807
2024-02-09,47147.19921875,0.0399329954084116
2024-02-10,47771.27734375,0.013149960695064189
2024-02-11,48293.91796875,0.010881064258583886
2024-02-12,49958.22265625,0.03388147853165121
2024-02-13,49742.44140625,-0.004328588760117502
2024-02-14,51826.6953125,0.041046849510408934
2024-02-15,51938.5546875,0.0021560092291083846
2024-02-16,52160.203125,0.0042584326097615645
2024-02-17,51662.99609375,-0.00957802949778828
2024-02-18,52122.546875,0.008855834280713763
2024-02-19,51779.14453125,-0.006610163694046543
2024-02-20,52284.875,0.009719679337319471
2024-02-21,51839.1796875,-0.00856090431522995
2024-02-22,51304.97265625,-0.010358547640014263
2024-02-23,50731.94921875,-0.011231806115512574
2024-02-24,51571.1015625,0.016405594130217752
2024-02-25,51733.23828125,0.0031390133682369275
2024-02-26,54522.40234375,0.052511187656945416
2024-02-27,57085.37109375,0.045936216440473146
2024-02-28,62504.7890625,0.09069529297704289
2024-02-29,61198.3828125,-0.02112241427001975
2024-03-01,62440.6328125,0.0200954657884248
2024-03-02,62029.84765625,-0.006600547312091193
2024-03-03,63167.37109375,0.01817220465901261
2024-03-04,68330.4140625,0.0785670808490068
2024-03-05,63801.19921875,-0.06858298181492034
2024-03-06,66106.8046875,0.03549970020086634
2024-03-07,66925.484375,0.012308140052515397
2024-03-08,68300.09375,0.020331312236987975
2024-03-09,68498.8828125,0.002906296632019191
2024-03-10,69019.7890625,0.007575825657206857
2024-03-11,72123.90625,0.04399229858274628
2024-03-12,71481.2890625,-0.008949836049347838
2024-03-13,73083.5,0.02216689906407544
2024-03-14,71396.59375,-0.0233524614583823
2024-03-15,69403.7734375,-0.028308923292000562
2024-03-16,65315.1171875,-0.060717725206296765
2024-03-17,68390.625,0.046012240704610304
2024-03-18,67548.59375,-0.012388507554368627
2024-03-19,61912.7734375,-0.08712073185700822
2024-03-20,67913.671875,0.09251085296877404
2024-03-21,65491.390625,-0.03631867422621332
2024-03-22,63778.76171875,-0.02649844665215931
2024-03-23,64062.203125,0.0044342886654000135
2024-03-24,67234.171875,0.04832709315067971
2024-03-25,69958.8125,0.0397250476948794
2024-03-26,69987.8359375,0.0004147786065640333
2024-03-27,69455.34375,-0.007637444542951766
2024-03-28,70744.953125,0.018397189971880865
2024-03-29,69892.828125,-0.012118158012204417
2024-03-30,69645.3046875,-0.0035477570486820652
2024-03-31,71333.6484375,0.023952858696302478
2024-04-01,69702.1484375,-0.023137002333257977
2024-04-02,65446.97265625,-0.06299090436988572
2024-04-03,65980.8125,0.00812374307331999
2024-04-04,68508.84375,0.03759886271186141
2024-04-05,67837.640625,-0.009845630418288566
2024-04-06,68896.109375,0.015482496362565016
2024-04-07,69362.5546875,0.006747455363626304
2024-04-08,71631.359375,0.03218579409702191
2024-04-09,69139.015625,-0.035413761203788405
2024-04-10,70587.8828125,0.020739301242534747
2024-04-11,70060.609375,-0.00749778258451207
2024-04-12,67195.8671875,-0.041748970181434676
2024-04-13,63821.47265625,-0.05152204971523435
2024-04-14,65738.7265625,0.02959850149495867
2024-04-15,63426.2109375,-0.03581099949650861
2024-04-16,63811.86328125,0.0060619201772289105
2024-04-17,61276.69140625,-0.04053958534994488
2024-04-18,63512.75390625,0.03584120208614769
2024-04-19,63843.5703125,0.005195142876912206
2024-04-20,64994.44140625,0.017865871886504233
2024-04-21,64926.64453125,-0.0010436624765665994
2024-04-22,66837.6796875,0.029008901759275917
2024-04-23,66407.2734375,-0.006460398489914604
2024-04-24,64276.8984375,-0.03260630131627199
2024-04-25,64481.70703125,0.0031812827691917772
2024-04-26,63755.3203125,-0.011328935219016097
2024-04-27,63419.140625,-0.005286917956356649
2024-04-28,63113.23046875,-0.004835296290154387
2024-04-29,63841.12109375,0.011467091787556437
2024-04-30,60636.85546875,-0.051494629716542104
2024-05-01,58254.01171875,-0.040089923480657194
2024-05-02,59123.43359375,0.014814392549697799
2024-05-03,62889.8359375,0.06175720649824811
2024-05-04,63891.47265625,0.015801344389047563
2024-05-05,64031.1328125,0.002183511056964741
2024-05-06,63161.94921875,-0.013667364763724113
2024-05-07,62334.81640625,-0.01318192999564668
2024-05-08,61187.94140625,-0.018569986258493817
2024-05-09,63049.9609375,0.02997730860417905
2024-05-10,60792.77734375,-0.036456454635488925
2024-05-11,60793.7109375,1.5356866757304103e-05
2024-05-12,61448.39453125,0.01071136415279376
2024-05-13,62901.44921875,0.02337149423787631
2024-05-14,61552.7890625,-0.021674038111579395
2024-05-15,66267.4921875,0.07380429766149847
2024-05-16,65231.58203125,-0.015755724397151206
2024-05-17,67051.875,0.027522834905047706
2024-05-18,66940.8046875,-0.001657856805292211
2024-05-19,66278.3671875,-0.0099451595532183
2024-05-20,71448.1953125,0.07510908882529838
2024-05-21,70136.53125,-0.01852885718229531
2024-05-22,69122.3359375,-0.014565869510184994
2024-05-23,67929.5625,-0.017406596587757724
2024-05-24,68526.1015625,0.008743394668047938
2024-05-25,69265.9453125,0.010738658385428567
2024-05-26,68518.09375,-0.010855523058038129
2024-05-27,69394.5546875,0.01271054899375939
2024-05-28,68296.21875,-0.015953999045957543
2024-05-29,67578.09375,-0.010570529093847765
2024-05-30,68364.9921875,0.011577009906272178
2024-05-31,67491.4140625,-0.012860492770805693
2024-06-01,67706.9375,0.0031882581048550507
2024-06-02,67751.6015625,0.0006594499605225849
2024-06-03,68804.78125,0.015425138658129584
2024-06-04,70567.765625,0.025300225248925362
2024-06-05,71082.8203125,0.007272217816602819
2024-06-06,70757.1640625,-0.0045918902720176475
2024-06-07,69342.5859375,-0.020194557079892095
2024-06-08,69305.7734375,-0.0005310196389050046
2024-06-09,69647.9921875,0.004925659126589219
2024-06-10,69512.28125,-0.0019504270460231217
2024-06-11,67332.03125,-0.03186737491787959
2024-06-12,68241.1875,0.013412234174301008
2024-06-13,66756.3984375,-0.021998155421161833
2024-06-14,66011.09375,-0.011227334405387725
2024-06-15,66191.0,0.0027216870164859935
2024-06-16,66639.046875,0.00674619312119944
2024-06-17,66490.296875,-0.0022346697987336212
2024-06-18,65140.74609375,-0.020505771883152002
2024-06-19,64960.296875,-0.002773987515326679
2024-06-20,64828.65625,-0.002028534277712279
2024-06-21,64096.19921875,-0.011362664075990998
2024-06-22,64252.578125,0.002436781820078235
2024-06-23,63180.796875,-0.016821441362000096
2024-06-24,60277.4140625,-0.047042933993412646
2024-06-25,61804.640625,0.025020978589857558
2024-06-26,60811.27734375,-0.016203198264060435
2024-06-27,61604.80078125,0.01296454786345771
2024-06-28,60320.13671875,-0.021073812008611803
2024-06-29,60887.37890625,0.009359920064692571
2024-06-30,62678.29296875,0.028989272731724976
2024-07-01,62851.98046875,0.0027672625269042988
2024-07-02,62029.015625,-0.01318017605629068
2024-07-03,60173.921875,-0.030363202506616574
2024-07-04,56977.703125,-0.05457904895434864
2024-07-05,56662.375,-0.005549607840752044
2024-07-06,58303.5390625,0.028552385625087485
2024-07-07,55849.109375,-0.043009217189319104
2024-07-08,56705.09765625,0.015210533790654032
2024-07-09,58009.2265625,0.022737964112148894
2024-07-10,57742.49609375,-0.0046086733698468725
2024-07-11,57344.9140625,-0.006909245978268808
2024-07-12,57899.46484375,0.009623984558104185
2024-07-13,59231.953125,0.022753003242582143
2024-07-14,60787.79296875,0.025927850263005585
2024-07-15,64870.15234375,0.06499862039498035
2024-07-16,65097.1484375,0.0034931297826731934
2024-07-17,64118.79296875,-0.01514324245482322
2024-07-18,63974.06640625,-0.0022597141603525025
2024-07-19,66710.15625,0.041879420109635544
2024-07-20,67163.6484375,0.006774946348331885
2024-07-21,68154.5234375,0.014645375370143716
2024-07-22,67585.25,-0.008387766690112852
2024-07-23,65927.671875,-0.024831503546284737
2024-07-24,65372.1328125,-0.008462196557576013
2024-07-25,65777.2265625,0.006177613679945953
2024-07-26,67912.0625,0.03193999219319689
2024-07-27,67813.3359375,-0.001454798896138238
2024-07-28,68255.8671875,0.006504525639670648
2024-07-29,66819.9140625,-0.021262245664086656
2024-07-30,66201.015625,-0.009305346230673276
2024-07-31,64619.25,-0.024183450577486682
2024-08-01,65357.5,0.011359846111043197
2024-08-02,61415.06640625,-0.06221701386487153
2024-08-03,60680.09375,-0.012039486792085179
2024-08-04,58116.9765625,-0.04315788272420938
2024-08-05,53991.45703125,-0.07363198582120066
2024-08-06,56034.31640625,0.03713846509911699
2024-08-07,55027.4609375,-0.018131945621423673
2024-08-08,61710.13671875,0.11461585743295792
2024-08-09,60880.11328125,-0.013541633552667406
2024-08-10,60945.8125,0.0010785754296191252
2024-08-11,58719.484375,-0.03721354652343721
2024-08-12,59354.515625,0.01075659964060797
2024-08-13,60609.56640625,0.02092453927711503
2024-08-14,58737.26953125,-0.0313783013916643
2024-08-15,57560.09765625,-0.02024486209713598
2024-08-16,58894.10546875,0.022911430101342656
2024-08-17,59478.97265625,0.009881840637262366
2024-08-18,58483.96484375,-0.01687023792647201
2024-08-19,59493.453125,0.017113663556006083
2024-08-20,59012.79296875,-0.008112024604757306
2024-08-21,61175.19140625,0.035987487774751865
2024-08-22,60381.9140625,-0.013052114105543453
2024-08-23,64094.35546875,0.05966667778992524
2024-08-24,64178.9921875,0.0013196308130850045
2024-08-25,64333.54296875,0.0024052261605437084
2024-08-26,62880.66015625,-0.022842512079134417
2024-08-27,59504.1328125,-0.05519287756090793
2024-08-28,59027.625,-0.00804021450926693
2024-08-29,59388.1796875,0.006089656742738993
2024-08-30,59119.4765625,-0.004534788620027655
2024-08-31,58969.8984375,-0.0025333050495830443
2024-09-01,57325.48828125,-0.028281771257721453
2024-09-02,59112.48046875,0.030696731082648924
2024-09-03,57431.0234375,-0.028857442236703133
2024-09-04,57971.5390625,0.009367548966836616
2024-09-05,56160.48828125,-0.031738730145491646
2024-09-06,53948.75390625,-0.04017885990554018
2024-09-07,54139.6875,0.003532917856170691
2024-09-08,54841.56640625,0.012880905395702242
2024-09-09,57019.53515625,0.03894551366544674
2024-09-10,57648.7109375,0.010973955159393974
2024-09-11,57343.171875,-0.005314110423381013
2024-09-12,58127.01171875,0.013576697629400721
2024-09-13,60571.30078125,0.0411907229072504
2024-09-14,60005.12109375,-0.009391286288541528
2024-09-15,59182.8359375,-0.013798343779418605
2024-09-16,58192.5078125,-0.016874951656180977
2024-09-17,60308.5390625,0.035717088660707746
2024-09-18,61649.6796875,0.02199433056839477
2024-09-19,62940.45703125,0.020721119053916288
2024-09-20,63192.9765625,0.0040040116474054175
2024-09-21,63394.83984375,0.0031893030164782386
2024-09-22,63648.7109375,0.003996604788029707
2024-09-23,63329.80078125,-0.005023067643079772
2024-09-24,64301.96875,0.015234244172186632
2024-09-25,63143.14453125,-0.01818596455888868
2024-09-26,65181.01953125,0.03176403065562404
2024-09-27,65790.6640625,0.009309629648678252
2024-09-28,65887.6484375,0.0014730503557602514
2024-09-29,65635.3046875,-0.0038372626776130244
2024-09-30,63329.5,-0.03576247704956806
2024-10-01,60837.0078125,-0.04015297041725014
2024-10-02,60632.78515625,-0.0033625289659382266
2024-10-03,60759.40234375,0.0020860853737759526
2024-10-04,62067.4765625,0.021300283559387175
2024-10-05,62089.94921875,0.0003620026165009027
2024-10-06,62818.953125,0.011672701783517451
2024-10-07,62236.66015625,-0.00931261159307203
2024-10-08,62131.96875,-0.0016835665376192953
2024-10-09,60582.1015625,-0.025261155468464205
2024-10-10,60274.5,-0.005090366975952731
2024-10-11,62445.08984375,0.03537847936044716
2024-10-12,63193.0234375,0.01190629833225701
2024-10-13,62851.375,-0.005421094129359057
2024-10-14,66046.125,0.049580549288290116
2024-10-15,67041.109375,0.014952642422039789
2024-10-16,67612.71875,0.008490108547449185
2024-10-17,67399.8359375,-0.0031535287872272158
2024-10-18,68418.7890625,0.01500489704966544
2024-10-19,68362.734375,-0.000819623721527923
2024-10-20,69001.703125,0.009303330181939204
2024-10-21,67367.8515625,-0.023963262921302488
2024-10-22,67361.40625,-9.56779931777652e-05
2024-10-23,66432.1953125,-0.013890438213698968
2024-10-24,68161.0546875,0.02569154796745315
2024-10-25,66642.4140625,-0.02253213347279499
2024-10-26,67014.6953125,0.00557070573324996
2024-10-27,67929.296875,0.013555484057566741
2024-10-28,69907.7578125,0.028709215102556977
2024-10-29,72720.4921875,0.03944659057776213
2024-10-30,72339.5390625,-0.00525236341818716
2024-10-31,70215.1875,-0.029806220896924952
2024-11-01,69482.46875,-0.010490161236778449
2024-11-02,69289.2734375,-0.00278436278553029
2024-11-03,68741.1171875,-0.00794258611024876
2024-11-04,67811.5078125,-0.013615611362265724
2024-11-05,69359.5625,0.022572112490931908
2024-11-06,75639.078125,0.08666903126846402
2024-11-07,75904.859375,0.0035076496874788744
2024-11-08,76545.4765625,0.008404323339316332
2024-11-09,76778.8671875,0.0030444063813357424
2024-11-10,80474.1875,0.04700704537184314
2024-11-11,88701.484375,0.09734014312496264
2024-11-12,87955.8125,-0.008442066269106777
2024-11-13,90584.1640625,0.02944485048776148
2024-11-14,87250.4296875,-0.03749692231881138
2024-11-15,91066.0078125,0.04280211829142622
2024-11-16,90558.4765625,-0.00558881224411838
2024-11-17,89845.8515625,-0.007900350440318173
2024-11-18,90542.640625,0.007725465406075372
2024-11-19,92343.7890625,0.019697543183651734
2024-11-20,94339.4921875,0.021381444998432572
2024-11-21,98504.7265625,0.04320463738221239
2024-11-22,98997.6640625,0.004991722095061175
2024-11-23,97777.28125,-0.012404002529793906
2024-11-24,98013.8203125,0.0024162403264788948
2024-11-25,93102.296875,-0.05140963729329047
2024-11-26,91985.3203125,-0.012069852534281012
2024-11-27,95962.53125,0.04232881330495687
2024-11-28,95652.46875,-0.003236310003132818
2024-11-29,97461.5234375,0.018736162907207532
2024-11-30,96449.0546875,-0.010442730465097628
2024-12-01,97279.7890625,0.008576311620290235
2024-12-02,95865.3046875,-0.014647119798360832
2024-12-03,96002.1640625,0.0014266034685602644
2024-12-04,98768.53125,0.028408310872006196
2024-12-05,96593.5703125,-0.022266865312221884
2024-12-06,99920.7109375,0.03386480176780916
2024-12-07,99923.3359375,2.62704848226063e-05
2024-12-08,101236.015625,0.013051327819741106
2024-12-09,97432.71875,-0.03829250346621322
2024-12-10,96675.4296875,-0.007802793553987951
2024-12-11,101173.03125,0.04547294957076326
2024-12-12,100043.0,-0.011232138149604486
2024-12-13,101459.2578125,0.014057223472297039
2024-12-14,101372.96875,-0.0008508417934171539
2024-12-15,104298.6953125,0.02845237769652882
2024-12-16,106029.71875,0.016460567443030164
2024-12-17,106140.6015625,0.0010452246330361938
2024-12-18,100041.5390625,-0.059179154653770175
2024-12-19,97490.953125,-0.025825905125142587
2024-12-20,97755.9296875,0.002714273553183173
2024-12-21,97224.7265625,-0.00544879117211963
2024-12-22,95104.9375,-0.022044180382015402
2024-12-23,94686.2421875,-0.0044121754491209825
2024-12-24,98676.09375,0.041273994068279446
2024-12-25,99299.1953125,0.006294761562737073
2024-12-26,95795.515625,-0.035921593296803764
2024-12-27,94164.859375,-0.01716880486495554
2024-12-28,95163.9296875,0.010553910906912645
2024-12-29,93530.2265625,-0.017316317368601404
2024-12-30,92643.2109375,-0.00952898919172895
2024-12-31,93429.203125,0.00844829005287248
2025-01-01,94419.7578125,0.010546386456946345
2025-01-02,96886.875,0.02579371069354611
2025-01-03,98107.4296875,0.01251903875349227
2025-01-04,98236.2265625,0.001311953703357832
2025-01-05,98314.9609375,0.0008011590284728617
2025-01-06,102078.0859375,0.03756185651681786
2025-01-07,96922.703125,-0.05182428297869528
2025-01-08,95043.5234375,-0.019578857696565647
2025-01-09,92484.0390625,-0.027298849179035745
2025-01-10,94701.453125,0.02369326562915915
2025-01-11,94566.59375,-0.0014250624978636736
2025-01-12,94488.4375,-0.0008268095689983134
2025-01-13,94516.5234375,0.000297197889065057
2025-01-14,96534.046875,0.02112109307155958
2025-01-15,100504.4921875,0.04030666140622702
2025-01-16,99756.90625,-0.007466135920999606
2025-01-17,104462.0390625,0.046087453886957834
2025-01-18,104408.0703125,-0.0005167685444558994
2025-01-19,101089.609375,-0.032299629277246486
2025-01-20,102016.6640625,0.009128828074566006
2025-01-21,106146.265625,0.03968183425876291
2025-01-22,103653.0703125,-0.023768546993042258
2025-01-23,103960.171875,0.002958402684215798
2025-01-24,104819.484375,0.00823181116278129
2025-01-25,104714.6484375,-0.0010006574570037008
2025-01-26,102682.5,-0.019597313563924395
2025-01-27,102087.6875,-0.005809577851448121
2025-01-28,101332.4765625,-0.007425167615395995
2025-01-29,103703.2109375,0.023126120746530303
2025-01-30,104735.3046875,0.009903181107726793
2025-01-31,102405.0234375,-0.022500491172309005
2025-02-01,100655.90625,-0.017227936971828707
2025-02-02,97688.9765625,-0.029919108206548826
2025-02-03,101405.421875,0.03733783666464687
2025-02-04,97871.8203125,-0.03546789334061943
2025-02-05,96615.4453125,-0.012920048753753386
2025-02-06,96593.296875,-0.00022926951799646017
2025-02-07,96529.0859375,-0.0006649766736617645
2025-02-08,96482.453125,-0.00048321269944663663
2025-02-09,96500.09375,0.00018282093727943363
2025-02-10,97437.5546875,0.009667728227994938
2025-02-11,95747.4296875,-0.01749792436938306
2025-02-12,97885.859375,0.022088315919347463
2025-02-13,96623.8671875,-0.012976316589520155
2025-02-14,97508.96875,0.009118577917229297
2025-02-15,97580.3515625,0.0007317962415499838
2025-02-16,96175.03125,-0.014506383627455663
2025-02-17,95773.3828125,-0.004184968400662239
2025-02-18,95539.546875,-0.0024445399934847232
2025-02-19,96635.609375,0.01140703518992484
2025-02-20,98333.9375,0.01742191135803241
2025-02-21,96125.546875,-0.02271409470424543
2025-02-22,96577.7578125,0.00469334730219672
2025-02-23,96273.921875,-0.0031509830703417255
2025-02-24,91418.171875,-0.05175320553649131
2025-02-25,88736.171875,-0.029776669354997204
2025-02-26,84347.0234375,-0.05072808622097089
2025-02-27,84704.2265625,0.00422598066095089
2025-02-28,84373.0078125,-0.003917962993897036
